code,country
0015000046446,united states
0015000056063,united states
0015000075125,united states
0015000140069,united states
0016000272033,panama
0028000011598,united states
0028000080006,united states
0028000080402,united states
0028000139902,united states
0028000255664,united states
0028000382032,united states
0028000439392,united states
0028000549657,united states
0028000680404,united states
0028000682309,united states
0028000984434,united states
0043695159905,united states
0043900184579,united states
0050000127344,united states
0050000387823,united states
0050000467860,united states
0055000125956,canada
0055000125994,saint pierre and miquelon
00846503,argentina
0221441811608,netherlands
06509736,canada
0789785020013,united states
11376156,french polynesia
16992528,new caledonia
2000000001009,senegal
2000000001010,senegal
2000000001013,senegal
2000000017344,united kingdom
2060773000278,canada
30115590,switzerland
3023290330579,united kingdom
3800020410455,iceland
3800020420324,united kingdom
3800020420508,serbia
3800020483664,bulgaria
3858890171600,serbia
3858890173574,serbia
3858890174441,serbia
3858890175660,serbia
3858890176759,bosnia and herzegovina
3858890176759,serbia
3858890177763,serbia
3858890179019,serbia
3858890179927,serbia
4005500047056,united states
4005500073727,brazil
4029679620056,switzerland
4600384006627,russia
4600384006634,russia
4601339003180,russia
4606272002283,russia
4606272029075,russia
4606272030590,russia
4606272039944,russia
4607150080195,russia
4607150081796,russia
4607150087248,russia
4800361002844,thailand
4800361328340,philippines
4800361383301,philippines
48764872,norway
4890008501311,australia
4891118040738,hong kong
4891118041889,hong kong
4891118623016,hong kong
4902201165969,kuwait
4902201168755,united kingdom
4902201170017,japan
4902201406147,macau
4902201412346,japan
4902201419499,japan
5000243820200,united kingdom
5011546177601,bosnia and herzegovina
5011546177601,montenegro
5011546177601,serbia
5011546177687,croatia
5011546177687,montenegro
5011546177687,serbia
50426119,switzerland
50426171,australia
5448216450410,central african republic
5867401234893,ecuador
5900020013095,romania
5900020018441,israel
5900020025159,romania
5900020026415,czech republic
5941017005112,montenegro
5941017005112,serbia
5941017005112,slovenia
59463351,romania
59463535,serbia
59469889,serbia
5998710967612,serbia
6001068375707,south africa
6001068375806,pakistan
6001068375806,south africa
6001068587001,south africa
6001068703104,south africa
6111018500230,algeria
6111018901716,tunisia
61110519,croatia
6130137000230,algeria
6130137000483,algeria
6134522601613,morocco
6151100030283,nigeria
6221007016083,morocco
6294003534714,united arab emirates
6294003557348,lebanon
6294003571061,lebanon
6616511016634,russia
6917878033785,hong kong
6917878033815,hong kong
6917878036793,hong kong
6934336200312,gabon
7501058634849,mexico
7610100075971,switzerland
7610235510057,switzerland
7613031619535,netherlands
7613031812035,netherlands
7613031880065,czech republic
7613032415358,chile
7613032417413,romania
7613032506599,united kingdom
7613032589714,chile
7613032835811,chile
7613032868895,netherlands
7613032869120,bulgaria
7613033126321,united kingdom
7613033150661,switzerland
7613033188381,united kingdom
7613033204722,romania
7613033353321,brazil
7613033358869,kazakhstan
7613033444333,united kingdom
7613033537103,netherlands
7613033538490,united kingdom
7613034044235,luxembourg
7613034074492,czech republic
7613034228178,algeria
7613034228178,morocco
7613034232717,switzerland
7613034409546,united kingdom
7613034645029,switzerland
7613034701268,united kingdom
7613034753526,algeria
7613034849212,united kingdom
7613034855220,switzerland
7613034883827,switzerland
7613034919069,united kingdom
7613034981004,saudi arabia
7613035027664,greece
7613035086388,switzerland
7613035093331,czech republic
7613035219328,united kingdom
7613035260566,brazil
7613035267473,portugal
7613035310193,finland
7613035460690,serbia
7613035502147,united arab emirates
7613035673687,switzerland
7613035687721,colombia
7613035734760,chile
7613035763395,switzerland
7613035797611,serbia
7613035857278,serbia
7613035882171,czech republic
7613035903524,serbia
7613035983519,serbia
7613035983571,serbia
7613036008198,switzerland
7613036037907,switzerland
7613036085298,serbia
7613036104128,serbia
7613036104142,serbia
7613036177757,czech republic
7613036214636,serbia
7613036230643,bulgaria
7613036230643,estonia
7613036230643,latvia
7613036230643,lithuania
7613036332606,serbia
7613036471220,serbia
7613196011663,switzerland
76101793,switzerland
7630030384523,switzerland
7630030384875,burkina faso
7640156771299,taiwan
7640156771473,taiwan
7702024050933,united states
77881212,india
7792799578756,argentina
7792799578756,ecuador
7802950002164,chile
7891000001806,brazil
7891000009437,brazil
7891000051351,brazil
7891000062746,brazil
7891000062784,brazil
7891000063361,brazil
7891000070765,brazil
7891000076217,brazil
7891000076415,brazil
7891000080290,brazil
7891000089859,brazil
7891000090893,brazil
7891000100233,brazil
7891000100530,brazil
7891000101636,brazil
7891000101957,brazil
7891000102299,brazil
7891000102336,brazil
7891000103104,brazil
7891000103692,brazil
7891000104927,brazil
7891000104965,brazil
7891000108277,paraguay
7891000109236,brazil
7891000109670,brazil
7891000109694,brazil
7891000109717,brazil
7891000110874,brazil
7891000112403,brazil
7891000112946,brazil
7891000113417,brazil
7891000114926,brazil
7891000115985,brazil
7891000117125,brazil
7891000118610,brazil
7891000118788,brazil
7891000118795,brazil
7891000118887,brazil
7891000119037,brazil
7891000119952,brazil
7891000241547,brazil
7891000242636,brazil
7891000247785,brazil
7891000248201,brazil
7891000249901,brazil
7891000250112,brazil
7891000250747,brazil
7891000250808,brazil
7891000250822,brazil
7891000250907,brazil
7891000250938,brazil
7891000251430,brazil
7891000251454,brazil
7891000251904,brazil
7891000253540,brazil
7891000253564,brazil
7891000255742,brazil
7891000255889,brazil
7891000255919,brazil
7891000255933,brazil
7891000255957,brazil
7891000255971,brazil
7891000256312,brazil
7891000256336,brazil
7891000256879,brazil
7891000257982,brazil
7891000259115,brazil
7891000259290,brazil
7891000259313,brazil
7891000259337,brazil
7891000259375,brazil
7891000529201,brazil
7891000584804,brazil
8000500087787,algeria
8091781480497,united arab emirates
8585002421081,netherlands
8585002430984,serbia
8585002432605,netherlands
8585002433299,czech republic
8585002483010,bulgaria
8593893110151,czech republic
8593893110526,czech republic
8593893110632,czech republic
8593893742789,czech republic
8593893747869,czech republic
8593893755345,czech republic
8593893755680,czech republic
8606018610143,serbia
8606018610181,serbia
8607100567185,serbia
8607100570543,serbia
8607100572301,croatia
8607100572301,serbia
8607100572691,montenegro
8607100572691,serbia
8607100572899,serbia
8620771298875,switzerland
8690632072012,kazakhstan
8717896005508,cote d ivoire
8801055706020,lebanon
8850125069923,kuwait
8850125077324,thailand
8850127003888,thailand
8850453017528,thailand
8901058817836,india
8901058844627,india
8901058844894,india
8901058856293,india
8901058857245,india
8961008203058,pakistan
8961008205113,pakistan
8992696406711,morocco
8992696419766,taiwan
8992696427679,australia
9002100017330,austria
9002100022457,switzerland
9300605001305,new caledonia
9300605039278,australia
9300605093263,new zealand
9300605111363,australia
9300605111363,singapore
9300605116412,australia
9300605122482,new caledonia
9300605244344,french polynesia
9300744003857,australia
9310053101557,australia
9556001180360,australia
9556001201652,australia
9556001223463,australia
9556001228697,malaysia
9618564037403,switzerland
10642227,french guiana
6281100585114,saudi arabia
9300605038271,australia
9300605095663,french polynesia
6917878006918,china
16101067,switzerland
7613034737106,chile
7630039648480,french polynesia
7613036332736,united kingdom
9300605117563,new zealand
0050000214747,united states
9300605120112,australia
0059800500326,canada
03116685,morocco
7613036353328,lebanon
0065000134001,canada
10335161,reunion
5900020004451,russia
7290013997395,netherlands
7613035068377,argentina
7613035082229,portugal
6111018101000,morocco
07920523,united states
6181002010236,cote d ivoire
4606272025718,russia
8901058859331,india
8717896007045,niger
6009188001131,cameroon
6033000085726,senegal
7613035697522,costa rica
42128373,guadeloupe
8593893758988,united states
8690632016474,saudi arabia
6171100031110,cameroon
6171100031110,republic of the congo
7613031370672,switzerland
9300605094697,australia
9300605094697,new caledonia
9300605094697,new zealand
7613034533012,democratic republic of the congo
34102886,canada
4891118075365,hong kong
6130137000537,algeria
4606272022274,russia
6111018901693,tunisia
7613033693120,morocco
6253501790077,jordan
6009188001605,south africa
7613035217768,bosnia and herzegovina
7613035217768,serbia
9300605228771,australia
9300605228771,new caledonia
0210011029338,gabon
6221007019176,jordan
6221007030027,egypt
02912196,senegal
5204739612649,bosnia and herzegovina
5204739612649,croatia
5204739612649,montenegro
5204739612649,north macedonia
5204739612649,romania
5204739612649,serbia
7613036521703,switzerland
5900635500027,poland
6917878003573,china
6917878003573,hong kong
4005500052180,cote d ivoire
0050000582815,united states
7613034680778,argentina
9300605063587,australia
6130794000161,algeria
7042115003456,norway
46080011,belarus
4005500219101,switzerland
40057361,switzerland
7610100010750,switzerland
7610100018534,switzerland
76101342,switzerland
7613034858672,switzerland
7613034858634,switzerland
7613169807170,switzerland
7613196007543,switzerland
7613196011120,switzerland
7891000529003,switzerland
6130137000520,algeria
7613033967320,croatia
7891000257197,brazil
12500116,switzerland
6130137000636,algeria
7861001236712,ecuador
6111018901723,tunisia
13078917,luxembourg
3334710092213,new caledonia
7460123432905,guadeloupe
7616100377145,lebanon
7613036219143,switzerland
7613036344593,netherlands
0043695071122,united states
6294003581695,united arab emirates
05428212,mauritius
7613036357982,qatar
7613036704069,kuwait
8888082008860,democratic republic of the congo
8593893762138,czech republic
8593893762114,czech republic
7613035507043,poland
9556001129963,singapore
3033710051052,french polynesia
7622210971678,netherlands
7613036883443,switzerland
8850128030074,thailand
9300605126244,australia
7613036318143,switzerland
04681144,switzerland
7613035731653,switzerland
9556001185679,switzerland
42370512,switzerland
7613036847995,united arab emirates
0016000143784,costa rica
6294003579845,united arab emirates
7613033065569,slovenia
8850125072350,thailand
8850125088160,thailand
8888082121323,myanmar
7613036651325,lebanon
8850124021991,thailand
8850127044034,thailand
6294003567965,lebanon
8850125072374,thailand
8901058859737,india
6111018300984,morocco
4606272037339,russia
8850124010728,thailand
9556001094926,thailand
8850127008739,thailand
8934804023793,thailand
8934804023762,thailand
8850127003697,thailand
7613033115295,luxembourg
8850125079472,thailand
8850125079496,thailand
4800361399906,thailand
8850128030067,thailand
8850127061697,thailand
8850124095008,thailand
8850124017987,thailand
8850127003598,thailand
8850127008869,thailand
8593893744134,romania
7613037022421,netherlands
96188460,india
4200367088048,thailand
8850125081895,thailand
7613033152566,switzerland
4606272014729,russia
8850127061901,thailand
8850125079458,thailand
8850125078918,thailand
7613036180061,qatar
8585002474193,bulgaria
9300605082175,french polynesia
8801055708178,thailand
7290111561290,netherlands
7501058630162,guatemala
7290109358437,netherlands
7290109358000,netherlands
7613036552806,peru
9556001087348,thailand
8003012005430,luxembourg
7891000088814,republic of macedonia
6211002432513,romania
7501058633958,gabon
7613036444415,luxembourg
03879160,martinique
0050000874224,french polynesia
0050000874224,united states
7613035306929,bulgaria
8593893003736,czech republic
6917878013619,hong kong
0041679933008,united states
0050000406265,united states
12269131,united states
4891118043258,japan
6001068599400,south africa
6221007029519,egypt
7290111562198,israel
7290111566875,israel
7702024081616,colombia
8850453015371,thailand
8858705606605,thailand
9556001076342,malaysia
9556001097224,malaysia
9556001220356,australia
9556001220356,malaysia
8901058858358,nepal
5941017015814,bulgaria
7613034325723,united kingdom
8850125092297,thailand
8000300354928,greece
6294003584757,lebanon
7613036923316,bulgaria
7501059295254,united states
7613033963346,bulgaria
0093534620240,philippines
8850125073807,thailand
46000194,russia
7613037004533,switzerland
7613036584173,bulgaria
7613036584159,bulgaria
761303036584357,bulgaria
3800020486221,bulgaria
9556001134561,malaysia
7613035250888,egypt
7613036530811,bulgaria
4099200025339,switzerland
7613035068414,argentina
7613033458545,uruguay
6001068658008,bulgaria
6001068627509,bulgaria
3800020431825,bulgaria
3800020432129,bulgaria
6111018101031,morocco
4820048818408,bulgaria
4820048818472,bulgaria
8585002482235,bulgaria
8585002482952,bulgaria
8585002481146,bulgaria
8585002483034,bulgaria
8585002474292,bulgaria
7613037089431,bulgaria
8585002474278,bulgaria
2000000101273,bulgaria
7702024076414,colombia
7613033131585,south korea
9300605100220,american samoa
9300605100220,australia
6221007029557,lebanon
3800029104294,bulgaria
7613030198574,bulgaria
3800020424896,bulgaria
3800020483879,bulgaria
3800020425664,bulgaria
3800020422489,bulgaria
3800020421680,bulgaria
3800020453223,bulgaria
7613036345880,bulgaria
7613036353960,qatar
7613033358944,cameroon
7613033358944,republic of the congo
7613036345866,bulgaria
6043000010932,senegal
8850125093331,thailand
6294003582036,united arab emirates
5410573044113,luxembourg
7613036340977,switzerland
0050000351701,united states
59945352,bulgaria
4902201174107,indonesia
7702024075462,colombia
7613036238182,saudi arabia
7501058630629,mexico
9556001257949,malaysia
9556001052902,malaysia
0028000336974,united states
7613036573689,portugal
6151100031426,nigeria
7613036883511,switzerland
7501059233287,mexico
8850125090538,thailand
6130794000215,algeria
7613036353281,lebanon
7613035213494,estonia
7613035750319,peru
7613036873581,lebanon
3033712488474,french polynesia
7501058645234,mexico
7613036849623,luxembourg
0041470002835,french guiana
0041470002903,french guiana
6130794000222,algeria
3800020485026,bulgaria
8717896006673,democratic republic of the congo
7613036530361,australia
7613033131387,luxembourg
8717896007014,gabon
89007365,india
10020364,saudi arabia
0018871843008,jamaica
6001068625109,democratic republic of the congo
7790236000105,argentina
7613034051196,bulgaria
8690632000725,ukraine
7501058644121,mexico
4600384017708,georgia
4800361398589,pakistan
9556001175649,thailand
7613034617361,cote d ivoire
5000189140387,netherlands
0028000302658,united states
8850125092884,thailand
9556001267030,thailand
06163430,luxembourg
7613035219847,singapore
7613031372560,madagascar
0028000842444,united states
6194005297238,tunisia
6009188000356,south africa
4800361406727,philippines
4902201174435,japan
7861001291155,ecuador
7613036045544,israel
4902201163378,japan
3800029131399,bulgaria
7613034366061,netherlands
8850125091535,thailand
0055000899314,canada
7591016154564,oman
7613035128682,switzerland
4792024005906,sri lanka
7501059284500,mexico
3023290171042,netherlands
9300605119994,australia
91921012,kuwait
43798196100762337,kuwait
3800020456323,singapore
4600680251271,russia
7613036452878,peru
8850128030104,thailand
7613036187824,united kingdom
7613036976619,united kingdom
7613036976619,ελλάδα
9556001132130,thailand
0050000157716,united states
0050000216673,united states
9556001248572,singapore
9556001255327,singapore
7613035978041,peru
4800361403863,philippines
8888082148979,singapore
7613036169301,netherlands
3023290033593,portugal
4902201429283,japan
4902201424929,japan
7613037057683,united arab emirates
7613035463554,lebanon
9300684123301,australia
7613033573088,norway
9300605102088,australia
6033000083708,ghana
6033000083708,togo
7613035601864,morocco
7630039686833,united kingdom
6294003571405,lebanon
5900020025975,israel
0015000937249,united states
05004867,united states
9556001821119,united arab emirates
6221007029533,morocco
9300605127104,australia
97713319,united kingdom
8690632242392,morocco
8690632242392,tunisia
7501059200708,mexico
0041548061856,united states
6151100035240,united states
0028000469771,united states
7702024003533,united states
0059800579582,canada
8690632243054,turkey
7613036490726,algeria
8858705607350,thailand
14780309,united states
5410003004700,luxembourg
8718117600281,united arab emirates
8593893756076,czech republic
2000000110321,colombia
2000000110322,colombia
7613036478748,australia
6033000080851,togo
7702025182183,ecuador
7613036250085,united kingdom
6221007029496,morocco
0013800748003,united states
7290111561771,netherlands
7613036392471,argentina
7613036917308,morocco
6001068625208,comoros
3023290232187,united kingdom
0028000736095,united states
46000033,kyrgyzstan
0028000696788,united states
3023290012444,united kingdom
8850125082342,thailand
11423553,algeria
0071921648091,canada
6221007026075,morocco
7613036841078,peru
4005500047049,afghanistan
7613036238199,saudi arabia
0050000591664,united states
43548767,united kingdom
0065000366143,canada
42370345,luxembourg
50226962,united kingdom
7702024339281,colombia
7613034409072,switzerland
07577444,united states
9400556007774,new zealand
7613034337429,norway
9300605094475,australia
6294003592653,united arab emirates
0028000391041,united states
4606272010738,russia
7702024796268,colombia
9556001228123,malaysia
971302329045633020006429,united kingdom
7613031697991,united arab emirates
17830256,turkey
4600384006603,russia
4591286006627,venezuela
6194005297245,tunisia
4800361334280,australia
0050000157600,united states
6221007025610,egypt
4902201173636,hong kong
7630047607066,united states
6171100031073,gabon
6171100031325,cameroon
8593893721944,czech republic
0065000492811,canada
7613033438646,morocco
0028000084004,united states
7613036955386,united kingdom
9400556015502,new zealand
8585002474940,bulgaria
6294003567781,kuwait
7613036340960,switzerland
4891118074979,hong kong
4600680005782,georgia
7613036594264,netherlands
6294003588106,united arab emirates
8690632007250,united arab emirates
7613037025682,romania
5000243933108,united kingdom
7613036943437,thailand
7613033438684,thailand
8619164055645,switzerland
6221007026051,morocco
7042115019020,norway
4606272026142,georgia
0050000693894,united states
6221007026136,morocco
7702024059561,colombia
8000300189629,poland
7613037057324,iraq
7613036076623,slovenia
9556001171245,australia
00018142,united states
0043695071108,united states
7891000285541,paraguay
7613036959957,australia
7630047607561,united kingdom
6294003583859,lebanon
8901058842906,india
7613039547465,united states
8850125099906,thailand
8690632074283,lebanon
6084012910018,bahrain
7613034412904,argentina
7613034412904,bolivia
7613034412904,paraguay
7613034412904,uruguay
7501000922239,mexico
7640140338866,mauritius
0028000938437,united states
7501058633941,cote d ivoire
7613035863606,peru
5941017015340,romania
00015608,united states
85957282,czech republic
7501058646187,mexico
7613036524667,peru
4891118221175,hong kong
9556001130129,united arab emirates
7613036238366,senegal
81319701,united states
7501058611697,mexico
7613035988637,united kingdom
8585002461391,luxembourg
8000270017182,netherlands
7752087774932,chile
7630054480058,united arab emirates
6221007026013,morocco
0028000895037,united states
0028000832575,united states
0017900996357,united states
0050000750641,united states
0028000510411,united states
0050000130597,united states
0028000800093,united states
0028000610302,united states
0050000771547,united states
0043695071436,united states
0050000124954,united states
0028000213190,united states
0074826723115,united states
0050000932504,united states
0028000516017,united states
0050000622443,united states
7861091196774,united states
0050000804771,united states
0041548662947,united states
0050000622634,united states
0041548510972,united states
0050000351152,united states
0024842172114,united states
0024842121112,united states
0072554110580,united states
0024842751470,united states
0024842011512,united states
0043456076908,united states
0015000140014,united states
0839456004405,united states
0041679925201,united states
0041679822203,united states
0041679280874,united states
0072554295584,united states
0041679473375,united states
0050000396603,united states
0050000826131,united states
0028000332334,united states
0028000654719,united states
10050000351104,united states
7460123430307,united states
0099900601981,united states
0043695231090,united states
7613035375079,argentina
7891000256282,argentina
7613036043175,switzerland
8053041000074,luxembourg
0028000328580,united states
6033000086686,senegal
6221007026112,morocco
0065000362749,canada
4600680251158,russia
7702024001362,colombia
7891000242650,bolivia
7613037038309,pakistan
7613032989408,netherlands
7613035651258,colombia
7702024046578,colombia
7613030979456,colombia
7613039270943,switzerland
7861001237924,ecuador
7616100388318,united arab emirates
9300605113107,french polynesia
0072554973574,united states
8593893110540,czech republic
8593893110540,slovakia
7613034497062,argentina
7613034497062,uruguay
8690632242972,turkey
7613035988613,senegal
8593893757240,czech republic
0015000045531,united states
8801055707249,jordan
8901058869873,india
9300605012578,australia
6417901008860,finland
0015000864828,united states
7501058645692,argentina
0050000122660,united states
0068274346583,united states
7613038888057,romania
7613038887142,romania
0050000652860,united states
7591016201374,venezuela
0015000079031,united states
7501058623317,united states
0015000013721,united states
0015000013745,united states
7613032809225,panama
7613032809225,united states
7613038314426,romania
2000000116684,nigeria
01500202,united states
0015000013615,united states
0015000027469,united states
7501058642585,mexico
0050000675807,united states
7613037275100,united kingdom
7861001234893,ecuador
0015000045111,united states
07960017,united states
4600680007908,uzbekistan
7613036959087,united kingdom
9556001118738,new caledonia
7613038038827,argentina
4891118021256,hong kong
6221007028529,egypt
10607118,united states
0055000890373,united states
7613035161580,argentina
7613037057645,morocco
16943193,united states
0050000957965,united states
8717405004558,cote d ivoire
0015000049003,united states
7613038980027,ukraine
0050000724635,united states
7891000016589,argentina
8801055062287,australia
8801055062287,new zealand
9300605042513,australia
9300605042513,new zealand
0013800639134,united states
7613034759344,egypt
7613032180157,chile
7613038152530,argentina
7613037403008,switzerland
9400556015397,new zealand
7702024027539,united states
9300605117211,australia
7613036959681,united kingdom
0050000542734,united states
9300605128675,australia
9300605004993,australia
01386677,united states
07524139,switzerland
7613039433355,portugal
6211002497147,syria
6043000011373,senegal
0050000704194,united states
0015000009038,united states
9400556017063,new zealand
9300605132559,australia
6111018800514,morocco
7613036565936,netherlands
7613036940030,south korea
5900020027405,morocco
7613039867020,united kingdom
6009188004811,south africa
7501058626592,panama
7613034412010,argentina
7613034412010,bolivia
7613034412010,paraguay
7613034412010,uruguay
0065000133592,canada
7613036344838,switzerland
1374429181312,saudi arabia
8850127005196,thailand
9300605107625,australia
9300605107625,new zealand
8717896010335,cote d ivoire
07176289,togo
7613037010367,netherlands
9300605130852,australia
7613036713818,argentina
7891000297490,brazil
8934804035130,thailand
9300605129269,new caledonia
7613035279254,united arab emirates
7613037927818,switzerland
5900020036858,poland
9300605165953,australia
9300605165953,new caledonia
7613035758377,new zealand
7613037947090,united states
7891000276631,brazil
0065000654165,canada
7630054474644,morocco
06148603,cote d ivoire
0041548913964,united states
7613035320697,uruguay
8585002437297,czech republic
7613038151878,argentina
4902201418782,united states
7891000275634,brazil
8801155208011,south korea
10169568,switzerland
7613039831113,united states
7290111561986,netherlands
0015000191689,united states
8901058870183,india
7898215157311,brazil
9400556015458,new zealand
11091059,chile
4891118077376,hong kong
7613034993816,russia
5201219486288,serbia
9300605117204,australia
7891000088982,bosnia and herzegovina
6043000011359,senegal
7613038703954,united states
0013800512789,united states
7613036995801,portugal
7613037029512,portugal
0055000196246,canada
89000717,india
9300605054363,australia
7613036681230,croatia
0028000205577,united states
7861091155573,colombia
7861091155573,ecuador
7861091155573,peru
7861091155573,venezuela
6221007030423,morocco
0050000308637,united states
0055000407311,united states
9300605116757,australia
7613033635540,hong kong
7613036584357,bulgaria
0028000306793,united states
7290109358970,czech republic
75003456,mexico
00059918,australia
7613035547940,morocco
7501058625366,peru
5900452078419,kazakhstan
7613034275363,israel
6043000011298,senegal
7501058647023,peru
11823906,costa rica
7616100030583,saudi arabia
9300605107540,australia
9300605107540,new zealand
22203212,united states
10838884,united states
7613037043693,argentina
8901058839456,india
9300605133242,australia
7891000305270,brazil
0028000898175,united states
00106439,united states
6221007030553,morocco
7613039792667,australia
7613035188013,netherlands
0050000917549,united states
7501000910670,guadeloupe
7613037279184,argentina
9300605136861,new caledonia
01529009,united states
0028000925437,united states
9556001267962,australia
0028000854232,united states
6221007031055,morocco
9300605136892,australia
7630047607028,united states
4600680000688,uzbekistan
7630054475689,portugal
7613037686142,netherlands
7891000288276,argentina
0043900676388,united states
7613287087560,united kingdom
15084453,united states
9300605075696,australia
9300605075696,new zealand
0013800490087,united states
8000300387810,luxembourg
0202730512536,united states
0015000210182,united states
8410076620415,united kingdom
5900334016423,slovakia
7630054474668,united kingdom
2058608693863,united states
6033000085641,senegal
4606272041268,uzbekistan
7613032413224,poland
9300605131668,australia
8850125009813,thailand
2079419001401,greece
8690632247434,iraq
8901058847482,india
93625357,australia
7501058633934,senegal
9300605130265,australia
7613036890656,czech republic
6009188004750,south africa
7630039695088,united kingdom
7613287147493,switzerland
0028000982300,united states
8593893761988,czech republic
0015000070144,united states
0088169029643,costa rica
12757808,colombia
6173811507564,united states
13516139,norway
7613035909212,switzerland
8585002438003,norway
8585002411730,norway
7610100069819,norway
7613035830950,norway
7702024565345,colombia
7702024801986,colombia
0015000047702,united states
8901058101577,india
4603341000416,georgia
7613287133625,netherlands
0015000003098,united states
7613287216229,serbia
7613032218980,norway
0050000873593,united states
7702024666998,colombia
10712243,colombia
01214533,colombia
7613038604756,luxembourg
9300605125490,australia
0015000937539,united states
5900020024374,romania
0050000986149,united states
7613035758315,australia
7613038457833,switzerland
6181002000381,south africa
9707270056409,colombia
7613033458118,uruguay
7613037010442,netherlands
0068274311628,united states
01528602,united states
4600680008554,uzbekistan
7891000309094,argentina
7891000309094,bolivia
7891000309094,paraguay
7891000309094,uruguay
7891000309094,venezuela
6221007031703,united arab emirates
7640140337159,canada
8593893724242,georgia
7610100450549,switzerland
5060234983383,united kingdom
5000159530484,united kingdom
8992696430266,somalia
8000270703474,united kingdom
4606272026166,georgia
0050000743056,united states
9300605075634,australia
9300605075634,new zealand
9300605140554,australia
8593893774117,ukraine
9300605139350,australia
9300605139350,new zealand
7891000286487,bolivia
0041508834469,united states
0068274311666,united states
0068274347368,united states
7802950066906,ecuador
7501058633910,senegal
7501058633910,united kingdom
9300605136762,french polynesia
7702024053224,colombia
7613287331373,australia
7613036304610,czech republic
7613287133274,luxembourg
7613038883762,chile
06593971,new caledonia
7613039542767,malta
0065000133608,canada
0013800453808,united states
0028000918514,united states
7613287004239,switzerland
18043990,venezuela
7702024060215,colombia
7613036128650,peru
0050000403677,united states
4600680015088,malta
4823000921658,ukraine
4902201423984,japan
7613036268677,czech republic
01702781,libya
9300605132740,australia
7891000276402,argentina
9300605130531,australia
8850125078680,thailand
8992696521001,indonesia
7702024060192,colombia
04384300,united states
7702024104599,peru
0050000768080,united states
9556001271334,mexico
42395096,luxembourg
7613034967138,morocco
8690632014104,australia
0015000047467,united states
8961008213866,pakistan
6194005297405,tunisia
7290112963895,israel
0013800232120,united states
8901058855845,india
7613287236470,argentina
7702024066101,colombia
5900020038500,romania
8000300395624,united kingdom
7613287490063,north macedonia
8593893771093,czech republic
8593893771093,slovakia
7613036500708,peru
0059800848572,united states
5178116730830,ireland
4891118077536,hong kong
7501058626097,united states
09402210,united states
5204739612724,bulgaria
5204739612724,greece
0041679159019,united states
0059800301466,united states
12614107,united states
9300605134966,new zealand
7613037013573,netherlands
7613036137874,netherlands
0043695948950,united states
9556001222343,indonesia
8901058842142,india
8901058869088,india
0872513001771,united states
7613039432334,morocco
01521375,united states
0059800850254,united states
5900020038401,mauritius
9400556017179,new zealand
5900020004901,latvia
9300605139343,australia
66060802,russia
7630054475641,united kingdom
7613287261137,argentina
7613039672815,australia
9300605125049,new caledonia
0013800633354,united states
0055000383820,united states
7630039695460,united kingdom
7613287320254,peru
4994994620060,united kingdom
0041548782584,united states
7613037378269,norway
7613037135213,norway
7501058637710,bolivia
7501058637710,colombia
7501058637710,ecuador
7501058637680,bolivia
7613287260376,argentina
01564303,united states
7613287436528,bolivia
9556001273970,australia
9556001273970,united states
10988733,united states
05101807,united states
7702024008118,colombia
7501058610652,argentina
7501058610652,bolivia
7501058610652,paraguay
7501058610652,uruguay
6009198000766,mauritius
3800029104300,bulgaria
11478926,united states
11177810,hong kong
9556001280046,india
8606018613649,bulgaria
8606018613649,yugoslavia
7460123445202,dominican republic
0028000523107,united states
9300605004122,united states
7613033157783,argentina
8593893770256,czech republic
0015000076559,united states
0051052223114,united states
7613287292858,argentina
8992696523104,indonesia
3800029131245,bulgaria
6294003557621,india
0028000268930,niger
06342001,india
7460123445400,dominican republic
7613036402927,argentina
5900020026866,croatia
6294003582814,lebanon
4792024016803,sri lanka
02787572,united states
7630047607035,israel
7613287261113,argentina
0028000850500,united states
8606018614622,bulgaria
7613287530721,argentina
9300605134904,new zealand
8606018613762,finland
61301856,algeria
7891000518540,brazil
7613287028815,australia
9300605134997,australia
9300605134997,new zealand
0041679922880,united states
9300605136632,australia
0068274264474,canada
7630054488306,united states
8593893775305,bulgaria
3800020492482,finland
8850125076471,australia
6111018904151,morocco
9300605142657,australia
0028000553869,united states
6260418700556,iran
9300605127388,australia
0059800490825,canada
7613039794432,argentina
0035549970798,united states
4800361001410,united states
7613036712019,ukraine
9300605061835,australia
78601499,united states
7613036109314,australia
0015000466732,united states
0688267562280,united states
6294003592578,morocco
9556001171375,australia
9300605139749,australia
9400556014093,australia
8934804039220,vietnam
9300605143753,australia
9300605142077,australia
8858705600009,thailand
7630047607103,united states
0018871164011,united states
7613038368238,kuwait
6221007032069,saudi arabia
0041679176061,united states
0050000735785,united states
0013800705976,united states
7630477857321,greece
08920171,united states
9556001274762,bahrain
5296512966889,cyprus
0015000466602,united states
7613036923293,bulgaria
9300605142190,australia
9556001281142,malaysia
0028000497200,united states
0015000080068,united states
6001068302109,south africa
9300605142183,australia
4600680014616,japan
0013800728456,united states
0043900931395,united states
7613036920308,qatar
7613287236494,argentina
7613287236494,paraguay
7613287236494,uruguay
4600680003566,japan
0028000193379,united states
9300605096837,australia
19700687,switzerland
0015000046088,united states
53392473,united states
0028000144081,united states
8606018612925,yugoslavia
8585002483799,slovakia
15010328,dominican republic
7613036734059,united kingdom
0015000492328,united states
0050000686698,united states
7613037423655,united states
9556001273239,malaysia
6033000085795,cote d ivoire
0018871612000,united states
7891000099179,guatemala
7501058646873,mexico
7613287236456,argentina
5900020038692,united arab emirates
0071921957032,united states
0072554488740,united states
0072554373343,united states
6294003510435,kuwait
0015000343866,united states
8901058847789,india
8901058888805,bangladesh
9300605114197,australia
8850011054712,thailand
7778606000764,bolivia
7778606000764,peru
0055000260398,united states
7613287162397,switzerland
4613444541839,japan
0850678006343,united states
0041679853221,united states
21431685,ireland
8904674019837,poland
5900020019837,poland
02423777,united states
9300605136229,australia
9300605131620,australia
5900020027122,romania
4600680015200,russia
5900020035516,russia
0015000466565,united states
7891000340882,brazil
19381129,guatemala
0050000849475,barbados
0050000801527,united states
7613037708240,netherlands
0028000686475,united states
4620021190915,russia
7613035773776,australia
8961008211244,pakistan
0028000416126,united states
7613287532701,kuwait
6294003597795,united arab emirates
9556001217233,singapore
0050000943388,united states
7630047680564,united states
0043695439922,united states
08732310,united states
5900020038289,luxembourg
0719665001436,puerto rico
0015000044886,united states
9300605061828,australia
0015000466510,united states
0059800225281,united states
7613287011237,croatia
0850678006985,puerto rico
0028000001179,united states
7613038918686,luxembourg
4891118045337,japan
9556001291332,brunei
7613031557066,poland
5941017014879,greece
9556001125095,malaysia
01533002,united states
9300605139473,australia
9300605139473,new zealand
9300605139879,australia
9300605139879,french polynesia
01563100,united states
7501058640505,ecuador
08456241,united states
9556070129741,malaysia
06140175,united states
6111018907435,morocco
9300605136854,new caledonia
06227685,united states
7630030322952,united states
7630054476266,united kingdom
9300605133297,australia
7613287087621,netherlands
6043000011335,senegal
7630047680724,morocco
0013800300188,united states
77943446,argentina
9300605133259,australia
6221007013976,egypt
01021020,united states
0514910666176,united states
5900020038753,saudi arabia
6294003570378,united arab emirates
46852397,japan
03052990,united states
7613036277341,argentina
7613287223272,peru
7460123437313,dominican republic
11998703,united kingdom
0055000200899,united states
7613036487269,qatar
6225000332980,egypt
0050000302734,united states
6111018903437,algeria
0043900335889,united states
3800020472750,bulgaria
0688267562228,united states
9300605141063,australia
19209807,sri lanka
0028000240257,puerto rico
89008294,india
8593893775459,czech republic
6917878037066,hong kong
7861001244236,ecuador
7613034981288,bahrain
8850011058772,thailand
7613035480186,netherlands
0024842409371,united states
6033000087430,south africa
6294003520847,jordan
24451888,united states
7861001235722,ecuador
0055000139335,canada
9300605128408,australia
7891000344026,brazil
7891000336250,brazil
5949065013028,romania
8901058875744,india
12880881,united states
0043900284309,united states
9556001171351,australia
4606272010431,japan
7613036639095,czech republic
8887290087001,kazakhstan
7630039662981,netherlands
12779135,united kingdom
93684781,australia
9556001218476,new caledonia
0028000757694,united states
0028000407476,united states
7290106576797,israel
7613036382199,georgia
46021915,uzbekistan
7630311537365,switzerland
9400556003639,new zealand
6294017103401,saudi arabia
7861001290301,ecuador
7861001290356,ecuador
0028000254629,united states
9300605145382,australia
6001068672806,mozambique
7702024134916,colombia
5900452072127,poland
0050000652273,united states
0015000020729,united states
8715000001514,netherlands
0028000632519,united states
01568202,united states
01568406,united states
6221007026556,egypt
0050000350506,united states
9300605143142,australia
9300605143142,new zealand
0024842982447,united states
7861001234695,ecuador
7501058643223,barbados
0015000044305,united states
05001736,bulgaria
0015000466503,united states
7613038713885,united kingdom
0015000044947,united states
7630030323010,united kingdom
0043695509717,united states
15548336,united states
9300605054486,australia
0043695184938,united states
6294017100127,pakistan
4606272032938,georgia
4600680005621,uzbekistan
75013400,mexico
7613035265097,nicaragua
6151100037909,nigeria
0018871855018,belize
0074780448123,united states
0015000076351,qatar
6151100032379,nigeria
0015000005320,united states
0050000104598,united states
7630311506255,switzerland
9300605130517,australia
0050000599103,united states
0015000044824,united states
19693848,mexico
0041679332511,united states
0015000466619,united states
0015000027780,united states
6294003597016,lebanon
3023290060896,portugal
7702024785033,colombia
9556001263094,united states
02372990,united states
9300605108233,australia
7501059276048,guyana
0072554837715,united states
0015000466817,united states
0015000027742,united states
8585002433312,czech republic
8585002433312,slovakia
7702024067863,colombia
5900020037664,morocco
01563207,united states
0015000074944,united states
7613037038057,nigeria
0028000862466,united states
8901058893229,united states
8901058900187,canada
4710498231188,taiwan
9300605113282,australia
9300605113282,new zealand
9300605138681,australia
0050000119615,united states
0043900932392,united states
9300605116337,australia
0041508600811,united states
6221007026570,egypt
0015000049447,united states
0015000442644,united states
6009188003357,south africa
6033000086358,united states
0050000540617,united states
0024842774417,united states
7613032731625,netherlands
7630054494680,united kingdom
0015000044923,united states
7613287591197,argentina
7613287591197,bolivia
7630311501502,united states
3033710055647,reunion
8585002418944,greece
0850678006534,united states
8593893774292,czech republic
6294003575311,united arab emirates
0688267562303,united states
9300605146563,australia
6221007026549,morocco
01564400,united states
9300605062566,australia
0015000044640,united states
01529902,united states
8593788774789,united kingdom
6221007030720,argentina
8585002437488,czech republic
8585002437488,slovakia
0028000696719,united states
0043695442250,united states
7613287235879,bulgaria
7613032193454,romania
0050000935604,united states
9556001268532,malaysia
7613036727419,saudi arabia
8585002476845,bulgaria
0015000807900,united states
7613036920339,qatar
0050000472635,united states
6181002012650,cameroon
4800361363389,brunei
7630477895972,united states
7613036638814,romania
6294003595890,saudi arabia
7702024044161,colombia
0043695511987,united states
0015000044275,united states
0015000027704,united states
0688267562259,united states
0043900754420,united states
0015000027421,united states
7630047685255,united states
7613034913210,united arab emirates
0024842644697,united states
0041679639641,united states
75887421,cambodia
7613037252156,singapore
0024842919528,united states
9789332585737,pakistan
9300605129405,australia
8690632242965,united states
0850678006961,united states
0850678006824,united states
7613287598592,argentina
39018496,united states
7630311511150,switzerland
3961696121707,india
7613035919433,croatia
0015000046187,united states
01529300,united states
8901058868036,india
8901058895322,india
93625333,australia
0028000510541,united states
7630311540396,switzerland
7630054480577,united states
01503104,united states
9556001278531,malaysia
9300605138094,australia
9300605138094,united states
6091307731753,mauritius
9300605134928,australia
13203495,singapore
0015000045876,united states
7613287431400,bahrain
6221007033868,morocco
7613287184979,united kingdom
7630047680045,new caledonia
4800361412445,pakistan
0013800234025,united states
7613033451409,panama
0617121413727,suriname
0015000937799,united states
0015000080136,united states
7630047607790,united states
9300605142992,australia
6294003580155,saudi arabia
01811452,united states
7613037652208,panama
0050000488971,united states
4891118025018,hong kong
4600680016795,uzbekistan
0072554146435,united states
0043900941394,united states
6294003590031,egypt
01529601,united states
10501524,united states
0059800749077,united states
6001068507900,south africa
0646439747422,finland
0643435336131,finland
7613036382175,ukraine
8961008213880,united states
7613034158901,kuwait
8901058872880,india
01525906,united states
0643435989443,finland
6260418701133,iran
19982786,chile
0015000045562,united states
5900130036175,bulgaria
0015000070069,united states
04075636,united states
7630054475627,morocco
0044390038083,united states
7613287208453,morocco
0065000337525,united states
0545096643439,luxembourg
0055000203609,united states
7613287431608,czech republic
7630311508327,united states
0025860041871,united states
0015000910167,united states
8961008218564,pakistan
0015000227357,united states
0015000028022,united states
11915768,united states
7501058629142,united states
7630054493959,united states
0643435336100,finland
7630311501625,united states
0643430303657,finland
6093290041901,mauritius
0015000936686,united states
8000300405088,lithuania
4800361418874,philippines
6093290041871,mauritius
11819851,united states
6294017104422,morocco
7613287061416,switzerland
0015000228491,united states
8593893756472,czech republic
0015000186951,united states
0024290041901,united states
0028000938796,united states
0050000763818,united states
0015000045692,united states
7630311502349,united states
4960008500314,japan
0015000807924,united states
5941017017849,romania
0059800749688,united states
7613287745156,croatia
0064955486012,united states
8901058891409,india
7613036314398,netherlands
0613434514274,algeria
86768375,australia
4800361417204,philippines
8992696400924,indonesia
8961008215655,pakistan
4773443021265,japan
7613036342438,australia
8901058890020,india
4792024001069,india
0015000044367,united states
9556001126597,singapore
6130137000872,algeria
0025528063474,united states
8850011061161,thailand
6917878068961,singapore
0044524609714,united states
8901058898613,india
0024842294397,united states
5204739611116,romania
8606018614004,greece
0025990058527,united states
0017900009132,united states
13567644,united states
7613287248893,saudi arabia
0005990000832,united states
7506475110549,mexico
9399763643939,australia
05772010,chile
9300605116498,australia
92000150000274200069,united states
9300605145153,australia
6181002002026,cote d ivoire
01565001,united states
9300605128088,australia
6294017105535,saudi arabia
7613035909748,australia
8445290095770,netherlands
7613287290380,argentina
7613287290380,paraguay
7613287290380,uruguay
7790430060349,argentina
7630311538331,switzerland
6221007030577,morocco
6300059042513,australia
7630311501861,canada
7630311500642,canada
9556001264572,malaysia
9300605245198,australia
0015000044145,united states
9556001258021,cambodia
7613036083508,australia
6130794000284,algeria
73634379,united states
0028000680909,united states
0042560041963,united states
7891000105566,argentina
0024842251659,united states
0076430916891,united states
8901058894547,india
8901058867923,india
8445290060990,argentina
8445290060990,paraguay
8445290060990,uruguay
4636003606633,japan
8593893762961,czech republic
8593893762961,iran
0050000813360,united states
0043695647488,united states
7630311537303,united states
8585002416049,czech republic
8585002416049,slovakia
0015000937584,united states
8901058896824,united states
0028000061517,united states
7613287181077,kuwait
7613034210661,lithuania
0028000586164,united states
8901058893670,united states
0052650854465,united states
4633056030033,japan
7613035128712,switzerland
7613036450133,bolivia
7613036450133,peru
1060203800714,united states
0015000003623,united states
7613287845740,kuwait
8606018615124,bulgaria
0028000185725,united states
4891118623009,hong kong
7891000299265,chile
9300605123229,australia
6294017105566,united arab emirates
0646466976413,finland
8585002438898,czech republic
03164136,switzerland
7613287593474,chile
0015090048924,united states
0015000228507,united states
0015000466725,united states
4800361067560,philippines
0050000563333,united states
7613039600115,switzerland
82570743,united states
7613287146953,qatar
9300605119895,australia
9300605145658,australia
44099185,indonesia
00384025,united states
0050000843909,united states
8901058895766,india
4620021193640,russia
8711688444438,netherlands
8992696523142,indonesia
7501058626424,colombia
7613033885747,guatemala
93625364,australia
93625364,new zealand
45254444,united states
05007721,united states
9300605147935,australia
7613287119933,netherlands
8445290057518,latvia
01500707,united states
8901058867398,australia
44004314,czech republic
5057404804623,czech republic
7460123456208,united states
4902201411110,japan
8593893768895,czech republic
0044960048924,united states
7630054476204,canada
5204739612960,albania
9300605142206,australia
8901058897159,india
39745132,united states
8585002437594,czech republic
7613034027610,peru
7613036218979,bulgaria
7613287767585,netherlands
7501058640512,ecuador
9300605143227,australia
0015000073503,united states
7630054465840,united states
0028000421540,united states
6111018905653,morocco
7891000099551,argentina
0015000114060,united states
9300605075719,australia
9300605075719,new zealand
6130794000277,algeria
0043695034233,united states
3800029108254,bulgaria
0050000340323,united states
7501059240445,peru
7702024056447,colombia
8901058868418,india
9300605142978,australia
0055000203623,united states
44258986,united states
8593893741973,croatia
19130232900163290001603,united kingdom
6111018907527,morocco
10883404,united states
7613039792377,moldova
7501059287938,united states
7613287582683,qatar
35354659,united states
01657654,united states
4800361393515,philippines
8901058892819,united states
9300605143432,australia
7613038087719,thailand
9400556018183,australia
6171100031905,cameroon
6001068629206,mauritius
6171100031653,cameroon
7861001238563,ecuador
71956572,united states
7891000326442,brazil
8690632761626,turkey
7613287574619,guadeloupe
0054545347434,united states
9556001204356,cote d ivoire
7702024732761,luxembourg
7861001299182,ecuador
7630054474606,canada
3800020403679,south africa
5941017017153,romania
8690632007311,saudi arabia
7702024008422,peru
7773401002739,bolivia
0088169407663,costa rica
0024842663933,united states
4673443665141,japan
06184285,united states
7702024075943,united states
6221007021421,sudan
8606018614820,bulgaria
0015000009090,united states
7613034309228,united kingdom
0028000743970,united states
8901058904000,india
0643435597440,finland
8445290039675,romania
7613037771053,sint maarten
0015000044428,united states
7630311540884,canada
7630311500529,united states
7630477883504,united states
8445290060976,argentina
09178168,united states
7630039685591,united states
7630311524242,croatia
7630428723378,united states
0051250840328,united states
93600354,australia
4891118047003,hong kong
4891118433479,hong kong
7861091157461,ecuador
8801055709052,singapore
7613034413154,russia
0688267562211,united states
277613039480540500000295,switzerland
7501059275904,bolivia
8901058897241,united states
9300605111400,australia
7630428722616,united kingdom
7891000329245,brazil
7891000318652,brazil
7630311550234,united kingdom
0028000397074,united states
7891000345603,brazil
7630054493553,united kingdom
7613287028600,slovakia
7613036281911,argentina
7613035757066,australia
0798716060561,united states
7891000318614,brazil
0050000679041,united states
9300605133624,australia
8901058900927,india
8593893782037,kuwait
8961008213033,pakistan
4800361067621,philippines
8961008218410,pakistan
0028000555177,united states
2431282019516,united kingdom
7613287184757,romania
7613035133730,switzerland
0044144650035,united states
7630428711818,canada
8901058895926,india
0054466308460,united states
7630054475580,united states
0015000070052,mexico
8961008216751,senegal
9300605126114,australia
0050000796472,united states
16359503,united states
05009862,united states
9300605145047,australia
9400556018688,new zealand
6917878015903,hong kong
7630311583171,new caledonia
7613036095877,australia
9310036074687,australia
6033000087874,senegal
6033000088246,ghana
0015000935627,united states
9300605145108,australia
7501058650931,australia
7778606000061,bolivia
7778606000061,peru
6009188001674,south africa
15792365,united states
4902201179300,united states
8690632064598,turkey
58276525,united states
7630054494628,united states
0688267562273,united states
7591016205310,united states
7630311591466,united states
7613039866092,norway
8585002440754,czech republic
8606018613281,bulgaria
0015000910303,united states
7630047676123,united states
7891000321324,latvia
7501058653567,united states
7891000339060,united states
7613287586544,argentina
8850125089679,thailand
11195010,south africa
6294017116241,saudi arabia
7616100478149,saudi arabia
9300605123892,australia
0028000673567,united states
9556001148742,mauritius
03197737,united states
7630428705398,united states
5941017016361,albania
7613033734441,venezuela
8445290194190,argentina
5941017019195,croatia
0041679408810,canada
8901058902372,india
0018871658008,jamaica
7630428735692,united states
7630047677724,canada
8901058895742,india
0688267562235,united states
0688267562242,united states
0018871632008,jamaica
7460123450800,dominican republic
0028000771720,united states
0850678006503,puerto rico
7613032275556,barbados
0050000188857,united states
7630428721428,australia
7630428736187,canada
06215798,united states
4902201180108,japan
8901058900361,india
9300605132719,australia
8445290253699,chile
89009727,india
93374781,australia
8445290039699,saudi arabia
7613287793867,argentina
8585002432506,czech republic
0050000178070,united states
92000150000053400099,united states
7501058642462,barbados
6221007034285,australia
7613035547971,morocco
7613037062694,uruguay
0024842722227,united states
0015000044503,united states
0074444698222,united states
3274664221294,reunion
0050000488421,united states
0470932609303,japan
0028000747237,united states
0024842223380,united states
6221007030737,lebanon
9556001261328,malaysia
8901058904963,singapore
0015000334536,united states
7613034303370,lithuania
7630428720605,united states
7002720001841,south africa
7613036117180,romania
8445290114433,australia
9556001280497,malaysia
0050000644643,united states
6221007026280,egypt
9300605134720,australia
7630428722371,united states
90995361,united states
2000001146880,czech republic
2000000407791,czech republic
3800020403495,georgia
7630428732158,united states
6033000088611,ghana
7613287784339,chile
7613034981561,saudi arabia
7460123447206,united states
7630428726256,united kingdom
7630311541126,canada
56271843,united states
6294017101780,lebanon
7630311590827,united states
7630311572663,united states
64555393,united states
8961008210544,pakistan
8445290321671,bolivia
7613036042833,australia
8901058850482,india
4891118076607,singapore
0050000224906,united states
12658473,australia
0050000447626,united states
4902201180061,japan
7613032989422,netherlands
8901058889987,india
0028000165222,united states
9556001255778,malaysia
9556001255730,malaysia
8445290114365,australia
0088169003667,panama
7613032808471,panama
7630311592142,canada
0028000873264,united states
6294017114902,qatar
7613036382212,ukraine
4800361411745,pakistan
0059800113885,canada
7630428719319,australia
6294003557287,qatar
01537545,united states
7591016203033,united states
9300605040335,australia
0050000165315,united states
0015000048297,united states
9300605148604,australia
9300744035261,australia
8445290026590,united kingdom
7630428705176,united states
6860092644643,united states
7501059283527,montserrat
8445290480088,united kingdom
7613287222107,peru
6294003594015,united states
05471171,united states
0688267562266,united states
8585002433763,czech republic
8585002433763,slovakia
0643433000379,finland
9300605118133,australia
7613033516504,costa rica
8850011066715,thailand
8901058904703,united states
9300605122116,new zealand
7460123430208,united states
7630311591947,united states
7798067032043,argentina
16137264,switzerland
7613287943194,czech republic
9351693003207,australia
7613037063493,australia
7290115205176,israel
0389000648765,india
7613032493974,australia
7613287292896,argentina
7501059275911,bolivia
7501059275911,dominican republic
0030000065587,united states
7891000282809,brazil
9300605139046,australia
0055000563710,united states
7613287000118,australia
7630054493638,united states
0056650600305,united states
7506475109529,united states
17633638,united states
7613287920577,poland
7630311590667,united states
8445290256515,argentina
85957084,czech republic
7460123433209,barbados
7630428718275,qatar
7630311503063,united states
9556001030740,malaysia
7630311590988,switzerland
9300605151185,australia
9556001198778,philippines
8961008209548,pakistan
8593893782099,czech republic
7506475104807,mexico
4902201180191,japan
0028000745066,united states
9400556015250,new zealand
8445290268440,argentina
7460123434817,puerto rico
0028000942908,united states
34467466,australia
9400556015496,new zealand
7630428720940,australia
4961352032438,japan
9300605114234,australia
7613033355219,chile
8901058905472,maldives
7613036683920,ukraine
7613036649667,ukraine
4902201179553,united states
8005200486526,israel
3800020492598,bulgaria
54483255,bulgaria
8961008215662,united kingdom
8445290018496,bulgaria
4800361000499,thailand
9400556014055,australia
7630428731946,canada
7630311508228,united states
7613036584876,bulgaria
9300605144774,australia
7613035216532,croatia
6151100038654,nigeria
6151100038654,united states
7613287101273,moldova
9556001304995,malaysia
8593893730618,poland
9553401193990,malaysia
9556001143990,malaysia
0860006247997,puerto rico
7613036364904,romania
0043900164816,united states
0014954654394,united states
8000300278149,czech republic
8445290159823,romania
0059800749664,canada
4613456393358,netherlands
0649480061035,switzerland
5204739609588,greece
0024450068946,united states
0059800745734,canada
4902201429177,canada
6111018907350,morocco
6290050403874,united arab emirates
7861091133243,ecuador
7630428726478,switzerland
6221007028826,egypt
8445290478153,switzerland
78601017,united states
6111018907336,morocco
4902201180214,thailand
8901058904697,india
8445290465993,bulgaria
8850011053784,thailand
7460123408306,united states
8606018612789,bulgaria
4800361068161,philippines
8445290412737,luxembourg
7613287900234,norway
8445290409584,romania
6009188008352,united states
5900130037158,serbia
2036897046423,netherlands
4600680016726,uzbekistan
9300605142060,new zealand
9300605145290,new zealand
8992696424623,indonesia
75004767,mexico
78041103,chile
7630428712211,united kingdom
7613036927109,argentina
5984047888485,ireland
9556001144058,malaysia
7501058647047,dominican republic
0506958611669,greece
7613034787958,united states
8961008218687,pakistan
0393464644188,netherlands
0850678006510,puerto rico
7613035258235,panama
0644490550531,finland
9300605098190,united states
9556001297129,brunei
9556001263070,brunei
9556001298515,brunei
7613287778512,poland
8850125082717,thailand
8850125092921,thailand
8445290576798,chile
0043900225418,united states
6151100038715,nigeria
7613033182778,ukraine
8445290367327,argentina
89006511,india
7630477895897,united states
6009188001858,zimbabwe
7613035939400,chile
8445290007384,croatia
8606018612888,bulgaria
7613039622612,ireland
50243204,ireland
5000243800912,ireland
7891000345399,argentina
8445290542250,romania
0542004209343,luxembourg
7702024065920,colombia
8445290541567,slovakia
8593893725294,slovakia
9400556016219,new zealand
9400556015380,new zealand
9400556015465,new zealand
9556001091925,malaysia
7891000277805,south africa
0412160398482,argentina
8445290422248,poland
7501058642561,peru
0219261203482,united states
4074837130113,united states
7613287739926,portugal
6009188001957,malawi
7290115208269,israel
8445290332271,argentina
5900020034021,argentina
5900020025647,argentina
9556001294654,indonesia
8992696520561,indonesia
8992696521421,indonesia
7630428735760,united kingdom
7460123438501,barbados
4800361406178,brunei
7630311550111,croatia
0544000606904,luxembourg
8593893761742,czech republic
0643430463146,finland
8901058905281,new zealand
7630311594290,united states
1901047324144,romania
99245504,united states
4902201181051,japan
8585002437402,slovakia
03820041,united states
9556001206039,malaysia
9556001280466,malaysia
12757152,united states
7630311590384,ireland
0551904487621,brazil
09104358,united states
9300605147867,australia
7773401007017,bolivia
7773401007017,paraguay
7613036070317,slovakia
8445290639974,croatia
8445290511027,chile
0015000002961,united states
7630428732622,united states
6033000087935,senegal
0028000111656,united states
7610900304158,united states
8901058001167,india
9300605143807,papua new guinea
4063367130823,romania
7290111656446,israel
0798716062305,united states
6221007036777,iraq
8901058890006,united states
4902201180993,japan
8445290785428,chile
0656483002354,bulgaria
7630311549719,canada
0465304397001,japan
4901069901153,india
0646044514679,finland
7773401006850,bolivia
7773401006850,peru
4930393630125,japan
7506475106689,mexico
0643190005198,finland
9300605152496,australia
9300605152496,new zealand
7613035070837,lithuania
0025090030843,united states
0120340000017,united states
0643635892598,finland
7613287480774,czech republic
9300605100336,australia
6294017114964,qatar
8593893786516,czech republic
8901058890716,india
7630428717698,united states
7613036639729,lithuania
7630428722517,croatia
8901058905441,india
7506475110235,guatemala
7630477880831,australia
8901058904987,india
8445290461162,switzerland
6294017119099,qatar
2825000072998,brazil
7501058629753,peru
8445290746535,chile
89008478,india
7630047687624,austria
8850011077209,thailand
7613287142177,poland
4902201415507,ireland
54070325,morocco
8901058901689,india
0475660348791,japan
0005010620002,united states
0065669060000,united states
0941038897487,india
7613287162281,lithuania
10050000350107,united states
3387390300314,switzerland
7501059277441,jamaica
5900020001368,lithuania
9300605114289,australia
4901059046345,india
00847070,united states
7891000337233,panama
7506390202466,mexico
8585002426246,czech republic
8585002426246,slovakia
1054064541350,united states
8850127002300,thailand
3858890179668,montenegro
4406529644002,united kingdom
8850127008777,thailand
0050000743940,united states
7630311592128,switzerland
9300605153523,australia
7613031625758,cyprus
7891000605349,brazil
8901058902938,india
8593893783966,lithuania
8901058000702,india
7702024015901,colombia
7630311550593,croatia
7098158232032,norway
8445290606990,united kingdom
4800361300193,malaysia
8445290769206,lithuania
8901058903812,india
0743435898346,nicaragua
8585002421197,czech republic
7630751756449,switzerland
4687776000050,japan
8585002433749,czech republic
0643430756460,finland
8445290896469,czech republic
8850127007176,thailand
8585002442758,slovakia
8445290551917,finland
8715000029938,greece
0464690069042,japan
6171100031677,equatorial guinea
9300605152502,australia
0643439202166,finland
4676493313345,japan
0050000281770,united states
0089000498871,india
4713493278608,japan
0050000992348,united states
7891000383063,brazil
7613287139993,bulgaria
6009128001979,mozambique
7891000251492,brazil
7613287587138,argentina
9300605140622,australia
0050354631498,united states
6001068370108,south africa
8850125091641,thailand
0028000855697,united states
0644040393007,finland
6009188007492,south africa
7673035689088,austria
5001461375800,south africa
7891000361375,brazil
7891000381588,brazil
2554843060892,brazil
8445290698797,chile
8445290716002,chile
5011546455433,new zealand
7613036467261,chile
7613287427144,chile
0025669074698,united states
6222020803766,egypt
8445290367372,argentina
0649390028135,philippines
8850124022981,thailand
1648331419369,philippines
4800361334365,philippines
4800361333337,philippines
4800361425001,philippines
4800361363365,philippines
4800361346429,philippines
0643084077614,finland
7613287173386,saudi arabia
8901058904192,india
0646464860035,finland
0633352238533,israel
9300605153530,australia
0544160024570,poland
6161109310927,kenya
8585002426642,czech republic
8585002426642,slovakia
0740000497256,guatemala
0055444008815,united states
8850011054316,thailand
8445290626370,slovakia
4800361423564,philippines
7613036609104,netherlands
9556001233943,philippines
8901058000597,india
8445290632036,united kingdom
0050000279623,united states
4673447960549,japan
0041056003003,india
7613033761294,trinidad and tobago
7613287393241,trinidad and tobago
0071921243609,united states
89020708,india
8901058004700,india
0028000588618,united states
7613287488367,portugal
8445290091598,portugal
4673017530158,japan
7506475101172,mexico
8901058904321,india
7613287385314,bulgaria
0030000181393,united states
6221007038030,egypt
6221007040309,egypt
8445290678553,ireland
8445290351845,ireland
1023796013336,united states
9556001132048,philippines
8901058904338,india
4005500030287,portugal
7460123448814,dominican republic
4902201431491,japan
8901058009231,india
1023896048924,united states
0640401060700,finland
8445290691774,netherlands
7630428717971,cote d ivoire
05978538,united states
9556001277374,singapore
8888082156462,singapore
0804410415009,india
96200384,india
0028000619121,united states
7613037801958,norway
7613037802092,norway
3023290065303,portugal
8690632710433,turkey
7506475116046,cayman islands
8850124006011,thailand
7891000295304,brazil
8901058008234,india
0025990076361,united states
7630428721367,united states
7630428722531,united states
8690632709789,albania
7613033644962,ukraine
8690632709772,albania
4800361426428,philippines
8445290641199,finland
6221007038061,united arab emirates
8445290529626,russia
8445290529398,russia
8445290529657,russia
8445290529718,russia
0643434607300,finland
6294017114216,united arab emirates
8850125010376,thailand
8901058004175,india
8585002461414,romania
89080030,india
0043900685397,united states
6001068687800,south africa
6001068582402,south africa
0043900216997,united states
0643299008496,finland
0055444201568,united states
7593825780576,venezuela
8445290439727,united kingdom
9556001302922,malaysia
0743935269455,nicaragua
0643435909533,finland
8901058012415,india
12050673,united states
9300605154544,new zealand
5300647150706,australia
04998129,united states
9556001312853,singapore
4902201432689,singapore
6294017118573,united arab emirates
8901058870008,india
0055000490931,singapore
7290106576957,israel
4617166008656,japan
8886472106196,singapore
5900020041609,saudi arabia
5300647107632,australia
8850125093737,thailand
8850125096820,thailand
8901058005752,india
7460123433100,trinidad and tobago
4794363724395,japan
7613038078779,czech republic
4902201182454,japan
8606018617739,romania
0024550045397,united states
4061461777975,australia
0018871139002,trinidad and tobago
9300605155152,australia
9300605155152,new zealand
8961008219714,pakistan
4633166017573,japan
0059800000680,united states
4061461778101,australia
8934804044361,vietnam
4054400650934,philippines
0643035508488,finland
6294017119129,qatar
0041474443009,trinidad and tobago
0643035312016,finland
7613287784247,trinidad and tobago
0476632474869,japan
9300605145603,australia
0500000622429,united states
7792124743286,argentina
0934026661139,australia
0018871090006,anguilla
8961008221212,pakistan
8690632018010,argentina
7630054474767,united arab emirates
9400556018954,new zealand
9400556019371,new zealand
0890000360361,india
4891118086552,hong kong
6294003598471,saudi arabia
6294003598389,saudi arabia
6294003598419,saudi arabia
6294003598440,saudi arabia
9556001308276,singapore
0643439335000,finland
7630585344539,united states
0050000200375,united states
0055000208550,united states
9300605155794,australia
7290118420811,israel
5636028318213,austria
7891000740101,brazil
0050000806089,united states
4891118602028,hong kong
8445290992765,argentina
9300605156432,australia
8445290269898,united arab emirates
4613493672577,japan
0028000515775,united states
9556001306739,australia
4634662000052,japan
0464695439734,japan
6294017111734,saudi arabia
0005390469246,united states
8445291308923,czech republic
7290019293989,israel
7613030049654,saudi arabia
9300617428350,new zealand
0850050030263,canada
4891118045061,hong kong
7891000337271,argentina
8901058010701,india
8445290409393,saudi arabia
9300605157088,australia
8445290899002,chile
7613039670217,saudi arabia
7613287762443,saudi arabia
5300647152144,new zealand
4673007467044,japan
0459050060111,japan
8901058904024,india
8901058003215,india
0612055723539,philippines
8801055723539,philippines
0085780089131,united states
0643439643532,finland
4600680012674,russia
7861001243383,ecuador
8773044066302,netherlands
13766290,united states
6294017121498,qatar
6294017121436,qatar
8445290341495,saudi arabia
8445290341242,saudi arabia
5797004009171,qatar
6294017116593,qatar
0490743099032,japan
7460123458202,dominican republic
7613036271929,panama
0055000208635,united states
8690632667003,turkey
0041350080533,united states
7290106576810,israel
9556001609007,singapore
8809815276196,south korea
0011000008347,united states
7501058656049,costa rica
9556001228338,malaysia
0028000924577,united states
9556001230966,singapore
7613287946652,croatia
0400099461698,new zealand
01124802,india
4512006054612,japan
0300345155596,new zealand
8850144080404,qatar
5300647152496,australia
9400556007804,new zealand
0643000516579,finland
9400556016967,new zealand
9556001261724,malaysia
7613038451954,israel
0500000120789,united states
0500000622313,united states
9556001006431,malaysia
0050000941308,united states
6221007038122,egypt
7591720029936,venezuela
7613287325327,saudi arabia
6294017107485,saudi arabia
0753985433744,saudi arabia
7891000635063,bulgaria
8445290869739,bulgaria
0028000315122,united states
6917878354446,united states
9300605139060,australia
13288198,united states
5558004502204,brazil
0050000881796,united states
0028000732547,united states
9556001302656,qatar
9556001308979,qatar
8934804049441,united states
8901058817652,south africa
8850125088115,thailand
0608022146470,singapore
6222020807351,egypt
7613287529329,chile
8585002481320,slovakia
0050000794072,united states
0458560406358,japan
7290118422228,israel
8901058007473,india
8901058904017,india
9379430563944,australia
0017288004125,united states
9556001305930,singapore
7290118421726,israel
0645045546160,finland
0050000873005,united states
0643435213678,finland
7613287464675,czech republic
8901058905526,india
7613287436344,saudi arabia
6917878362175,australia
8850453011069,thailand
0740000145782,united states
6161107793043,south africa
9339444814395,australia
9558401000750,malaysia
4633466003597,japan
7702024255918,colombia
6294003589332,united arab emirates
7290018652923,israel
4800361402354,philippines
9556001288134,singapore
0643035781607,finland
8606018618279,north macedonia
0646464456047,finland
4901410891836,india
8888082161282,singapore
8901058005509,india
9556001268129,malaysia
8901058005578,india
9556001079930,singapore
7613035817944,singapore
8585002439802,finland
8690632008769,united arab emirates
0001500018683,united states
0023290075401,united states
33304541,sri lanka
0005000039758,united states
0005980049082,canada
00099442,chile
0001001663652,united states
00100641,united states
00010686,mexico
6294017122099,united arab emirates
0001500000308,united states
0028000849092,united states
0400556007781,united states
0613036299473,czech republic
0613036701983,romania
0613287740434,aruba
0630047607776,united states
00006532,united arab emirates
0761303691390,united arab emirates
0761396013735,switzerland
0000800203591,united kingdom
0858500248778,bulgaria
00088088,chile
8941100294956,bangladesh
8445290541222,slovakia
4050666000148,canada
8850127008241,hong kong
32280106027960810,united states
7613036045902,australia
6909825011472,india
42421368,finland
7773401006935,bolivia
7773401006935,peru
3800020432938,malta
4901069009729,india
4902201182492,japan
0500000398799,united states
8445290408655,netherlands
0005000080003,united states
7613036989329,czech republic
0011099678165,united states
4600680022338,belarus
8961008220390,united arab emirates
9556001257123,united states
7630428785123,united states
0444550022158,united kingdom
9300605152106,australia
8445290255532,slovenia
8585002426208,czech republic
8585002426345,czech republic
7613287407702,united arab emirates
8445290941282,united arab emirates
7613287805522,united arab emirates
4800361422307,philippines
4800361393539,philippines
0343435985055,united states
8445291169500,argentina
6294017129012,united arab emirates
0392444258674,united states
4800361368988,philippines
7613032155919,philippines
4800361379212,philippines
4800361379151,philippines
3274664229917,romania
4891118025988,hong kong
0643435242746,argentina
8690632059174,philippines
4800361418225,philippines
8445290860576,united kingdom
7702024724667,colombia
7613032720278,australia
07369066,portugal
4806534190288,philippines
9556001282071,philippines
9556001302977,malaysia
8445291105096,portugal
7630585316925,united states
9300605147843,australia
6750044321350,united states
50454570,bolivia
45369445,bolivia
6033000088819,united states
8801055709335,japan
0075860493125,poland
9052960387456,united states
0088468690339,united states
6294017121559,saudi arabia
8901058004144,india
3194077716784,saudi arabia
6294017116814,saudi arabia
8801055709526,israel
8901058008944,united states
4966786600321,united states
4600680030296,russia
0050000537723,united states
8850124046314,thailand
6294017130513,saudi arabia
0028444336974,united states
4800361419307,philippines
0724000497256,united states
4987176108630,bhutan
4987176108630,india
4987176108630,nepal
9300605157194,australia
0655956023940,united states
17967785,morocco
7630585304977,croatia
4902201182218,japan
9556001279361,malaysia
7613035640726,norway
7613036252324,norway
7613035642720,norway
7613036136143,norway
7613036876537,norway
7613036149747,norway
7613037142402,norway
7613034831736,norway
7613035682870,norway
7613037801903,norway
7613035947504,norway
7613035683075,norway
8961008219721,pakistan
7613038490137,norway
7613036584272,norway
7613287402554,norway
7613036135030,norway
7613036252294,norway
7613035725737,norway
7613036876599,norway
7613036338202,norway
7613037087543,norway
7613038414119,norway
7613036339193,norway
7613037011760,norway
7613035683150,norway
7613287003447,norway
7613035683198,norway
7613037998887,norway
7613287170811,norway
7613035622241,norway
7613036149792,norway
7613036382694,norway
7613287170842,norway
7613035683211,norway
5900020034199,norway
7613287402929,norway
7613033135873,norway
7613287574404,norway
7613287209894,norway
7613037099423,norway
7613035947641,norway
7613032996284,norway
8585002438041,norway
7613287511546,norway
7613287198181,norway
7290112964663,norway
7613035969070,norway
7613037059595,norway
7613287170859,norway
5900020029799,norway
7613037016413,norway
5900020029393,norway
7613039847558,norway
7613038670874,norway
7613287296009,norway
7613035850866,norway
9300605055520,lithuania
7613037611175,norway
7042110081848,norway
7613039847749,norway
7613034977014,norway
7613036088343,norway
7613039956717,norway
7613039847466,norway
7613036137195,norway
7613038916170,norway
7613035947627,norway
7613036383165,norway
7613035622227,norway
7613035853553,norway
50562343,norway
7613034047892,norway
7613036152518,norway
7613037016376,norway
7613037084023,norway
7340024185523,norway
9556001228857,malaysia
7613287934291,israel
9556001185655,singapore
7702024567172,colombia
9556001306074,singapore
8992696526686,philippines
7702024352129,colombia
8961008222790,pakistan
8850453019737,thailand
8850453017054,thailand
8850453015661,thailand
8850453015630,thailand
8850453015838,thailand
9556001222664,australia
0500000605354,united states
9400556007750,new zealand
7290019293583,israel
6294003591069,saudi arabia
6294017116913,saudi arabia
6294017117002,saudi arabia
8801055062812,el salvador
9300605127395,singapore
7891000406458,united states
7891000377055,brazil
5907459005028,india
0044444427665,united states
7630311592043,united states
9400556063169,new zealand
7613037505689,taiwan
0750000975920,united states
8445290432667,netherlands
0028000138745,united states
9300605154537,new zealand
8445290432643,netherlands
0015000071356,united states
8445291029644,bolivia
7630428705275,australia
8445290451521,netherlands
0007457008406,united states
7613287484758,saudi arabia
8850011074123,thailand
9556001135629,singapore
0050000687671,united states
7613287371553,costa rica
0840258824238,united states
8445291278400,ukraine
0002800015785,united states
0028000454302,united states
8901058012118,india
8888082164320,united states
7861001250169,ecuador
5000426801569,morocco
9556001307576,malaysia
02881652,south korea
7630585314549,united states
7613037744996,bolivia
8445290627261,united states
7610100021510,el salvador
0059800216920,south africa
8934804025162,united states
7861001245806,ecuador
42245483,argentina
9556001311030,malaysia
9556001068071,singapore
7613038211244,el salvador
7891000379790,bolivia
7891000379790,ecuador
7891000379790,peru
7773401006973,bolivia
7773401006973,peru
0022800215606,united states
8445291298736,ecuador
7861001244205,ecuador
0072554223754,united states
8000300430721,australia
4600680026718,armenia
0004339374245,united states
5300647121584,australia
7613036886192,uruguay
7460123987313,dominican republic
0002800003327,united states
5300647144750,australia
4902201182379,philippines
9300605157989,australia
9556001314994,singapore
9300605153103,australia
8888140132803,seychelles
6917878359007,united states
7891000321164,brazil
8445291322745,norway
8585002445490,finland
7702024153962,colombia
6917878065588,hong kong
9556001321640,singapore
8585002444387,ethiopia
9556001306050,malaysia
7506475122467,guatemala
7613287581068,chile
6917878000466,united states
8901058845693,india
7630585369075,united states
8445291053212,chile
7773401006874,bolivia
9556001262141,singapore
7613287031822,czech republic
0050000316274,united states
7861001250053,ecuador
7501059229100,mexico
6221007036586,egypt
8445291314962,serbia
8992696409057,indonesia
8850124045027,hong kong
6001068686209,south africa
6001068686605,south africa
0643435839137,united states
8888082148801,singapore
7630585333182,united states
8445291115989,netherlands
8901058006643,india
0050444844623,united states
