category,nova_group,products,pct_of_nova
Beverages,1,9,33.3
Beverages,2,1,3.7
Beverages,4,17,63.0
Breakfast cereals,4,31,100.0
Chocolate & confectionery,1,2,1.5
Chocolate & confectionery,3,3,2.2
Chocolate & confectionery,4,129,96.3
Coffee & creamers,1,24,19.5
Coffee & creamers,3,2,1.6
Coffee & creamers,4,97,78.9
Culinary & meals,2,1,0.8
Culinary & meals,3,9,7.2
Culinary & meals,4,115,92.0
Dairy & milk drinks,1,1,1.6
Dairy & milk drinks,3,5,7.9
Dairy & milk drinks,4,57,90.5
Health & clinical nutrition,3,1,10.0
Health & clinical nutrition,4,9,90.0
Infant & young child nutrition,1,5,16.7
Infant & young child nutrition,3,2,6.7
Infant & young child nutrition,4,23,76.7
Unclassified,1,1,1.2
Unclassified,2,1,1.2
Unclassified,4,84,97.7
